file,label
kelly——20160521.csv,other
martingale——20180329.csv,other
login——816352.csv,martin
kelly——20170630.csv,martin
martingale——20190410.csv,martin
kelly——20151222.csv,kelly
martingale——20180715.csv,martin
martingale——20240606.csv,martin
login——804842.csv,other
login——809833.csv,martin
martingale——20160723.csv,martin
login——755607.csv,martin
kelly——20161120.csv,other
kelly——20180622.csv,other
martingale——20120525.csv,martin
kelly——20170314.csv,kelly
login——777559.csv,other
kelly——20090319.csv,martin
martingale——20190624.csv,other
login——7054462.csv,martin
kelly——20141107.csv,other
login——778710.csv,other
kelly——20230107.csv,martin
kelly——20051231.csv,kelly
login——779871.csv,other
martingale——20230311.csv,martin
martingale——20240523.csv,martin
login——810023.csv,other
kelly——20160825.csv,kelly
martingale——20090928.csv,martin
martingale——20041114.csv,martin
martingale——20110303.csv,martin
login——754468.csv,other
login——767786.csv,kelly
kelly——20231026.csv,kelly
martingale——20190712.csv,martin
kelly——20150110.csv,kelly
kelly——20111122.csv,other
kelly——20220722.csv,kelly
martingale——20151022.csv,martin
kelly——20140724.csv,other
martingale——20140901.csv,martin
kelly——20160802.csv,other
login——7062091.csv,other
martingale——20131106.csv,martin
login——819543.csv,martin
kelly——20120511.csv,kelly
login——773893.csv,martin
login——771647.csv,other
kelly——20130107.csv,other
martingale——20170326.csv,other
martingale——20150530.csv,martin
login——765662.csv,other
login——804390.csv,other
kelly——20231020.csv,kelly
kelly——20060213.csv,martin
martingale——20220915.csv,martin
martingale——20170812.csv,martin
martingale——20181219.csv,martin
kelly——20150309.csv,other
kelly——20201106.csv,kelly
login——88944560.csv,other
martingale——20191010.csv,martin
login——807928.csv,other
martingale——20040203.csv,other
login——7068106.csv,martin
kelly——20141207.csv,other
martingale——20150224.csv,martin
martingale——20020512.csv,martin
kelly——20101022.csv,martin
kelly——20230923.csv,other
martingale——20120830.csv,martin
login——777766.csv,martin
kelly——20020211.csv,other
login——807314.csv,other
martingale——20180521.csv,other
martingale——20140226.csv,martin
martingale——20200126.csv,martin
martingale——20240531.csv,martin
martingale——20101226.csv,martin
login——779854.csv,martin
login——768047.csv,kelly
login——806364.csv,martin
martingale——20170902.csv,martin
login——766596.csv,other
kelly——20230511.csv,kelly
martingale——20180406.csv,martin
martingale——20220929.csv,martin
kelly——20170102.csv,other
login——808182.csv,other
login——7067252.csv,other
login——820607.csv,martin
login——815787.csv,other
login——777919.csv,other
login——821712.csv,martin
martingale——20210827.csv,martin
login——778684.csv,other
martingale——20060311.csv,martin
login——810617.csv,other
martingale——20210906.csv,martin
kelly——20141012.csv,other
login——754733.csv,other
martingale——20050831.csv,martin
login——777928.csv,other
login——824114.csv,other
kelly——20200209.csv,other
login——7057675.csv,other
kelly——20151206.csv,other
kelly——20190428.csv,kelly
login——778097.csv,other
login——778454.csv,other
martingale——20061211.csv,martin
martingale——20140414.csv,martin
login——7064347.csv,kelly
kelly——20240316.csv,other
martingale——20140910.csv,other
login——7063645.csv,kelly
login——780241.csv,other
martingale——20111205.csv,other
kelly——20110724.csv,other
kelly——20211117.csv,kelly
login——7056560.csv,martin
martingale——20151208.csv,martin
kelly——20090625.csv,kelly
login——777180.csv,other
login——7062861.csv,martin
login——774546.csv,other
kelly——20121106.csv,kelly
martingale——20170727.csv,martin
kelly——20030624.csv,other
kelly——20240417.csv,kelly
martingale——20170305.csv,martin
login——779742.csv,other
martingale——20040126.csv,martin
login——771934.csv,kelly
martingale——20050901.csv,martin
login——772842.csv,other
martingale——20140604.csv,martin
martingale——20190608.csv,other
login——811040.csv,other
kelly——20090630.csv,other
login——819567.csv,other
kelly——20110121.csv,other
login——774061.csv,other
martingale——20051126.csv,martin
kelly——20130725.csv,other
kelly——20211202.csv,other
login——777631.csv,other
kelly——20160110.csv,other
login——7067397.csv,other
martingale——20111124.csv,martin
martingale——20081214.csv,martin
martingale——20201109.csv,martin
login——522632.csv,other
martingale——20161007.csv,martin
martingale——20220409.csv,martin
login——766955.csv,other
martingale——20200508.csv,martin
kelly——20161006.csv,other
login——810996.csv,other
martingale——20150111.csv,martin
login——7062802.csv,other
martingale——20210522.csv,martin
martingale——20230426.csv,martin
kelly——20101123.csv,other
kelly——20220729.csv,other
kelly——20120104.csv,other
login——755496.csv,martin
login——818918.csv,kelly
martingale——20120218.csv,martin
kelly——20240229.csv,other
kelly——20200521.csv,kelly
login——779959.csv,other
martingale——20101102.csv,martin
login——819193.csv,other
martingale——20201018.csv,martin
kelly——20050918.csv,other
martingale——20171223.csv,martin
login——809861.csv,other
kelly——20161102.csv,kelly
kelly——20120404.csv,martin
kelly——20090428.csv,other
login——523556.csv,other
kelly——20201013.csv,other
martingale——20130418.csv,martin
login——771542.csv,other
martingale——20190321.csv,martin
martingale——20160713.csv,martin
login——812872.csv,other
login——766810.csv,other
martingale——20060325.csv,martin
martingale——20200303.csv,martin
martingale——20180903.csv,martin
login——811584.csv,other
martingale——20250214.csv,martin
login——822882.csv,kelly
login——768055.csv,kelly
login——777527.csv,other
martingale——20160530.csv,martin
login——774440.csv,other
martingale——20130213.csv,martin
kelly——20161021.csv,kelly
kelly——20120628.csv,martin
login——778977.csv,other
login——774448.csv,martin
martingale——20191006.csv,martin
kelly——20210221.csv,other
login——773142.csv,other
martingale——20160205.csv,martin
login——7057244.csv,other
login——780543.csv,other
martingale——20100613.csv,martin
login——807578.csv,other
martingale——20110511.csv,martin
kelly——20150918.csv,other
login——756080.csv,other
kelly——20210626.csv,kelly
kelly——20090401.csv,martin
kelly——20051128.csv,other
login——771031.csv,other
login——777956.csv,other
login——755795.csv,martin
martingale——20110226.csv,martin
login——805405.csv,other
kelly——20160627.csv,other
martingale——20080901.csv,martin
login——778586.csv,other
login——807826.csv,martin
kelly——20220306.csv,other
martingale——20100216.csv,martin
martingale——20250213.csv,martin
kelly——20091007.csv,kelly
login——777714.csv,other
kelly——20221004.csv,other
martingale——20200108.csv,martin
kelly——20101229.csv,other
kelly——20011125.csv,martin
kelly——20110516.csv,kelly
martingale——20100607.csv,martin
martingale——20230424.csv,martin
login——776293.csv,martin
login——811105.csv,kelly
kelly——20220721.csv,martin
martingale——20030127.csv,martin
martingale——20080107.csv,martin
login——813388.csv,other
kelly——20230110.csv,kelly
login——770089.csv,other
martingale——20020904.csv,martin
login——7065023.csv,other
martingale——20150130.csv,martin
login——7059898.csv,other
martingale——20240401.csv,martin
kelly——20200704.csv,other
martingale——20220509.csv,martin
login——521774.csv,other
login——779363.csv,other
login——823530.csv,other
martingale——20140413.csv,martin
login——809883.csv,other
martingale——20230204.csv,martin
kelly——20151118.csv,other
kelly——20220818.csv,kelly
kelly——20190626.csv,other
kelly——20160426.csv,kelly
kelly——20210926.csv,other
kelly——20231229.csv,kelly
martingale——20110824.csv,martin
kelly——20160815.csv,other
kelly——20061102.csv,martin
login——7054661.csv,martin
martingale——20140811.csv,martin
login——767235.csv,other
martingale——20091005.csv,martin
kelly——20171125.csv,other
martingale——20231112.csv,martin
kelly——20151108.csv,other
martingale——20210807.csv,martin
kelly——20141121.csv,other
login——770788.csv,other
martingale——20181011.csv,martin
kelly——20090901.csv,other
kelly——20160131.csv,kelly
login——769501.csv,other
martingale——20220310.csv,other
kelly——20150726.csv,kelly
martingale——20200212.csv,martin
kelly——20100704.csv,other
martingale——20191101.csv,martin
martingale——20110131.csv,martin
login——770487.csv,other
kelly——20160210.csv,kelly
martingale——20140707.csv,martin
login——824186.csv,other
martingale——20220417.csv,martin
kelly——20091216.csv,kelly
login——524871.csv,other
kelly——20220820.csv,kelly
kelly——20151211.csv,kelly
login——770232.csv,other
martingale——20170102.csv,martin
martingale——20140602.csv,martin
login——768185.csv,other
login——813663.csv,martin
kelly——20210315.csv,kelly
martingale——20200806.csv,martin
kelly——20230526.csv,other
kelly——20240606.csv,other
martingale——20170127.csv,martin
martingale——20030808.csv,martin
login——7060229.csv,other
kelly——20200923.csv,other
kelly——20160704.csv,other
kelly——20200802.csv,other
martingale——20240815.csv,martin
login——765104.csv,other
kelly——20181019.csv,kelly
kelly——20211207.csv,other
kelly——20110710.csv,other
martingale——20240310.csv,martin
kelly——20190404.csv,other
kelly——20160722.csv,other
martingale——20210305.csv,martin
login——776540.csv,other
kelly——20200225.csv,kelly
login——778779.csv,other
login——769611.csv,other
login——819138.csv,kelly
login——524987.csv,other
kelly——20140202.csv,kelly
login——816514.csv,other
kelly——20240904.csv,other
martingale——20200922.csv,martin
login——821688.csv,other
martingale——20181121.csv,martin
login——7060837.csv,other
martingale——20240702.csv,martin
login——767778.csv,other
login——765804.csv,other
martingale——20110429.csv,martin
kelly——20020422.csv,other
login——766565.csv,other
kelly——20120127.csv,other
martingale——20210918.csv,martin
login——808516.csv,other
login——7067320.csv,other
kelly——20220714.csv,kelly
martingale——20080517.csv,martin
login——812974.csv,other
login——775552.csv,other
login——522925.csv,other
martingale——20190926.csv,martin
login——7059162.csv,other
login——766100.csv,other
kelly——20221011.csv,other
martingale——20221005.csv,martin
martingale——20201221.csv,other
martingale——20090910.csv,martin
kelly——20191121.csv,other
login——774194.csv,other
kelly——20150710.csv,kelly
martingale——20180809.csv,martin
martingale——20180519.csv,martin
martingale——20071020.csv,other
kelly——20180327.csv,other
kelly——20221217.csv,other
martingale——20020430.csv,martin
kelly——20210707.csv,martin
kelly——20170618.csv,kelly
login——770940.csv,other
kelly——20190918.csv,kelly
kelly——20110619.csv,other
login——765878.csv,other
kelly——20210225.csv,kelly
kelly——20141231.csv,other
login——88944976.csv,martin
login——812404.csv,kelly
martingale——20061222.csv,martin
martingale——20220102.csv,martin
kelly——20151214.csv,other
kelly——20210822.csv,other
kelly——20010219.csv,other
kelly——20181007.csv,martin
kelly——20120109.csv,kelly
kelly——20010808.csv,other
login——777832.csv,other
kelly——20230827.csv,other
martingale——20081029.csv,martin
login——765750.csv,other
kelly——20221128.csv,kelly
kelly——20150725.csv,other
login——769150.csv,other
login——814891.csv,other
kelly——20080831.csv,other
martingale——20130120.csv,martin
login——765049.csv,other
login——771819.csv,other
kelly——20211017.csv,other
martingale——20081003.csv,martin
login——779732.csv,martin
kelly——20110127.csv,other
login——806990.csv,other
kelly——20210919.csv,other
login——824037.csv,martin
martingale——20220718.csv,martin
martingale——20230303.csv,martin
kelly——20181027.csv,kelly
login——7062356.csv,other
login——772670.csv,other
martingale——20231231.csv,martin
martingale——20220503.csv,martin
login——821089.csv,martin
login——776444.csv,other
login——775274.csv,other
login——7060429.csv,other
martingale——20241031.csv,martin
kelly——20180803.csv,other
kelly——20190715.csv,kelly
kelly——20240422.csv,kelly
martingale——20090213.csv,martin
martingale——20151214.csv,martin
martingale——20020828.csv,martin
martingale——20120320.csv,other
login——766473.csv,other
martingale——20170223.csv,martin
kelly——20010831.csv,other
martingale——20171019.csv,martin
martingale——20110128.csv,martin
martingale——20150129.csv,martin
kelly——20160609.csv,other
martingale——20131215.csv,martin
martingale——20080825.csv,martin
login——760359.csv,other
kelly——20201012.csv,other
martingale——20220511.csv,martin
login——777069.csv,other
kelly——20241114.csv,kelly
martingale——20170110.csv,martin
login——7062765.csv,martin
login——817132.csv,other
martingale——20150312.csv,martin
kelly——20141026.csv,other
kelly——20151027.csv,martin
kelly——20090927.csv,other
login——7056694.csv,other
martingale——20130215.csv,martin
login——776049.csv,martin
kelly——20250208.csv,other
login——7068336.csv,other
martingale——20111026.csv,martin
martingale——20130107.csv,martin
login——773187.csv,other
martingale——20211023.csv,martin
kelly——20180714.csv,kelly
login——773037.csv,other
kelly——20130210.csv,other
martingale——20081215.csv,martin
kelly——20220216.csv,other
login——779326.csv,other
login——7059845.csv,martin
login——770107.csv,other
kelly——20220702.csv,other
martingale——20180913.csv,martin
kelly——20200603.csv,other
kelly——20140618.csv,other
kelly——20220212.csv,other
martingale——20150807.csv,martin
login——523010.csv,kelly
martingale——20230822.csv,martin
martingale——20110201.csv,martin
kelly——20200303.csv,kelly
login——821912.csv,other
martingale——20110121.csv,martin
kelly——20210610.csv,other
login——777848.csv,other
martingale——20140818.csv,martin
login——7064826.csv,martin
kelly——20231118.csv,other
martingale——20220907.csv,martin
martingale——20110609.csv,martin
kelly——20221022.csv,kelly
martingale——20200710.csv,martin
kelly——20070322.csv,other
martingale——20151215.csv,martin
login——820230.csv,other
kelly——20090802.csv,other
login——7067738.csv,martin
login——768364.csv,other
kelly——20061226.csv,other
kelly——20250116.csv,martin
kelly——20230531.csv,martin
login——772228.csv,other
martingale——20150410.csv,martin
martingale——20100402.csv,other
kelly——20180326.csv,other
kelly——20080713.csv,martin
martingale——20230403.csv,other
login——780146.csv,other
martingale——20180731.csv,martin
kelly——20210704.csv,other
login——523851.csv,other
login——778260.csv,other
martingale——20151110.csv,martin
martingale——20110212.csv,martin
martingale——20120413.csv,martin
kelly——20161007.csv,other
martingale——20150406.csv,martin
martingale——20171111.csv,other
martingale——20170720.csv,other
kelly——20150304.csv,other
login——774346.csv,other
martingale——20101105.csv,martin
login——809491.csv,other
kelly——20140516.csv,other
kelly——20210909.csv,kelly
martingale——20180926.csv,martin
login——522278.csv,kelly
login——777526.csv,other
kelly——20130811.csv,kelly
login——766926.csv,kelly
martingale——20130109.csv,martin
martingale——20200331.csv,martin
login——7065438.csv,other
kelly——20230606.csv,other
martingale——20140301.csv,martin
martingale——20160711.csv,martin
kelly——20240309.csv,kelly
martingale——20240503.csv,other
martingale——20171228.csv,other
kelly——20140329.csv,kelly
kelly——20130616.csv,other
kelly——20220407.csv,martin
login——522000.csv,other
kelly——20170325.csv,martin
martingale——20130415.csv,other
kelly——20181006.csv,kelly
kelly——20230820.csv,kelly
martingale——20010306.csv,martin
martingale——20200826.csv,martin
martingale——20160611.csv,martin
login——774092.csv,other
login——7067091.csv,other
martingale——20230630.csv,martin
martingale——20130611.csv,martin
martingale——20020523.csv,martin
login——810425.csv,other
login——757306.csv,other
login——815176.csv,martin
login——768348.csv,other
kelly——20120110.csv,other
kelly——20180602.csv,other
kelly——20090506.csv,other
login——755746.csv,other
login——772115.csv,other
kelly——20150101.csv,other
kelly——20190608.csv,martin
login——806859.csv,other
kelly——20210605.csv,other
login——773706.csv,other
login——813721.csv,other
kelly——20090827.csv,kelly
kelly——20240126.csv,other
login——815735.csv,other
martingale——20230821.csv,martin
martingale——20121022.csv,martin
kelly——20100721.csv,other
martingale——20240626.csv,martin
martingale——20060608.csv,martin
kelly——20230114.csv,other
kelly——20170609.csv,kelly
martingale——20170204.csv,martin
martingale——20231003.csv,other
kelly——20210913.csv,martin
kelly——20151113.csv,kelly
martingale——20170126.csv,martin
login——818340.csv,other
kelly——20160713.csv,other
martingale——20181013.csv,other
kelly——20230828.csv,other
login——7059950.csv,other
kelly——20190225.csv,other
kelly——20160223.csv,martin
login——7061215.csv,other
kelly——20090907.csv,other
martingale——20090513.csv,martin
martingale——20181217.csv,martin
martingale——20230301.csv,martin
kelly——20140802.csv,other
